system_id,dataset,z_lens,z_source,sigma_obs,sigma_obs_err,ra_deg,dec_deg,observation,subhalo_count
002817.87-092934.3,sdss,0.0565,0.7146,147,7,7.07446,-9.49286,,
002907.77-005550.5,sdss,0.227,0.9313,229,18,7.28237,-0.93069,,
003753.21-094220.1,sdss,0.1955,0.6322,279,14,9.47171,-9.70558,data/observations/sdss/003753.21-094220.1.npz,
004402.90+011312.6,sdss,0.1196,0.1965,266,13,11.01208,1.22017,data/observations/sdss/004402.90+011312.6.npz,
010933.73+150032.5,sdss,0.2939,0.5248,251,19,17.39054,15.00903,,
021652.54-081345.3,sdss,0.3317,0.5235,333,23,34.21892,-8.22925,,
025245.21+003958.4,sdss,0.2803,0.9818,164,12,43.18837,0.66622,,
033012.14-002051.9,sdss,0.3507,1.0709,212,21,52.55058,-0.34775,,
035458.47-064842.8,sdss,0.1301,0.3808,160,8,58.74362,-6.81189,,
040535.41-045552.4,sdss,0.0753,0.8098,160,8,61.39754,-4.93122,data/observations/sdss/040535.41-045552.4.npz,
072804.95+383525.7,sdss,0.2058,0.6877,214,11,112.02062,38.59047,,
073728.45+321618.6,sdss,0.3223,0.5812,338,17,114.36854,32.27183,,
074251.84+345001.9,sdss,0.0853,0.739,165,10,115.716,34.83386,,
075834.68+303443.3,sdss,0.1156,0.5013,191,10,119.6445,30.57869,,
080240.82+450452.7,sdss,0.1423,0.4523,244,12,120.67008,45.08131,,
080358.21+453655.6,sdss,0.1313,0.2938,228,12,120.99254,45.61544,,
081931.93+453444.8,sdss,0.1943,0.4462,225,15,124.88304,45.57911,,
082242.32+265243.5,sdss,0.2414,0.5941,259,15,125.67633,26.87875,,
084128.81+382413.7,sdss,0.1159,0.6567,225,11,130.37004,38.40381,,
084706.89+031822.6,sdss,0.1192,0.4146,199,12,131.77871,3.30628,,
090319.52+313951.2,sdss,0.2711,0.5494,258,15,135.83133,31.66422,,
091205.31+002901.2,sdss,0.1642,0.3239,326,16,138.02212,0.48367,data/observations/sdss/091205.31+002901.2.npz,
091244.31+413637.0,sdss,0.0646,0.1377,218,11,138.18462,41.61028,,
093425.13+603423.5,sdss,0.1011,0.244,208,10,143.60471,60.57319,,
093543.93-000334.8,sdss,0.3475,0.467,396,35,143.93304,-0.05967,,
093600.77+091335.8,sdss,0.1897,0.588,243,12,144.00321,9.22661,,
094656.68+100652.8,sdss,0.2219,0.6085,263,21,146.73617,10.11467,data/observations/sdss/094656.68+100652.8.npz,
095320.42+520543.7,sdss,0.1315,0.4673,229,19,148.33508,52.09547,,
095519.72+010144.4,sdss,0.1109,0.3159,192,13,148.83217,1.029,,
095629.78+510006.6,sdss,0.2405,0.4699,334,17,149.12408,51.00183,,
095900.96+441639.4,sdss,0.2369,0.5315,244,19,149.754,44.27761,data/observations/sdss/095900.96+441639.4.npz,
095944.07+041017.0,sdss,0.126,0.535,197,13,149.93362,4.17139,,
101622.86+385903.3,sdss,0.1679,0.4394,247,13,154.09525,38.98425,,
102026.54+112241.1,sdss,0.2822,0.553,282,18,155.11058,11.37808,,
102332.26+423001.8,sdss,0.1912,0.696,242,15,155.88442,42.5005,,
102551.32-003517.5,sdss,0.1589,0.2764,264,13,156.46383,-0.58819,,
102922.94+042001.8,sdss,0.1045,0.6154,210,11,157.34558,4.33383,data/observations/sdss/102922.94+042001.8.npz,
102927.53+611505.3,sdss,0.1574,0.2512,228,14,157.36471,61.25147,,
103235.84+532234.9,sdss,0.1334,0.329,296,15,158.14933,53.37636,,
103904.22+051335.8,sdss,0.0668,0.3627,190,10,159.76758,5.22661,,
104606.93+415116.1,sdss,0.1025,0.7584,191,10,161.52887,41.85447,,
110308.21+532228.2,sdss,0.1582,0.7353,196,12,165.78421,53.3745,data/observations/sdss/110308.21+532228.2.npz,
110646.15+522837.8,sdss,0.0955,0.4069,262,13,166.69229,52.47717,,
110817.70+025241.3,sdss,0.1368,0.3105,178,14,167.07375,2.87814,,
111250.60+082610.4,sdss,0.273,0.6295,320,20,168.21083,8.43622,data/observations/sdss/111250.60+082610.4.npz,
111739.60+053414.0,sdss,0.2285,0.823,277,19,169.415,5.57056,,
113405.89+602713.5,sdss,0.1528,0.4742,239,12,173.52454,60.45375,,
113636.14+042625.0,sdss,0.1282,0.5341,258,14,174.15058,4.44028,,
114052.69+564044.5,sdss,0.0674,0.2968,163,9,175.21954,56.67903,,
114257.35+100111.8,sdss,0.2218,0.5039,221,22,175.73896,10.01994,data/observations/sdss/114257.35+100111.8.npz,
114329.64-014430.0,sdss,0.106,0.4019,269,13,175.8735,-1.74167,,
115208.97+005431.0,sdss,0.1062,0.159,235,14,178.03737,0.90861,,
115310.79+461205.3,sdss,0.1797,0.8751,226,15,178.29496,46.20147,data/observations/sdss/115310.79+461205.3.npz,
115905.46+544738.3,sdss,0.0818,0.2695,231,12,179.77275,54.79397,,
120324.89+023301.1,sdss,0.1644,0.438,209,11,180.85371,2.55031,,
120444.07+035806.4,sdss,0.1644,0.6307,267,17,181.18362,3.96844,data/observations/sdss/120444.07+035806.4.npz,
120540.44+491029.4,sdss,0.215,0.4808,281,14,181.4185,49.17483,data/observations/sdss/120540.44+491029.4.npz,
121158.75+455036.6,sdss,0.111,0.317,231,12,182.99479,45.8435,,
121340.58+670829.0,sdss,0.1229,0.6402,292,15,183.41908,67.14139,,
121826.70+083050.3,sdss,0.135,0.7172,219,11,184.61125,8.51397,data/observations/sdss/121826.70+083050.3.npz,
124426.03+011146.8,sdss,0.0725,0.56,172,9,191.10846,1.19633,,
125028.26+052349.1,sdss,0.2318,0.7953,252,14,192.61775,5.39697,data/observations/sdss/125028.26+052349.1.npz,
125050.52-013531.7,sdss,0.0871,0.3526,246,12,192.7105,-1.59214,data/observations/sdss/125050.52-013531.7.npz,
125919.05+613408.6,sdss,0.2334,0.4488,253,16,194.82937,61.56906,,
131326.70+050657.2,sdss,0.1438,0.3385,221,17,198.36125,5.11589,,
133045.53-014841.6,sdss,0.0808,0.7115,185,9,202.68971,-1.81156,,
134308.25+602755.0,sdss,0.1198,0.3199,178,10,205.78437,60.46528,,
134309.22+605209.7,sdss,0.0343,0.088,206,10,205.78842,60.86936,,
140228.21+632133.5,sdss,0.2046,0.4814,267,17,210.61754,63.35931,,
140329.49+000641.4,sdss,0.1888,0.473,213,17,210.87287,0.1115,,
141622.34+513630.4,sdss,0.2987,0.8111,240,25,214.09308,51.60844,,
142015.85+601914.8,sdss,0.0629,0.5351,205,10,215.06604,60.32078,,
143004.10+410557.1,sdss,0.285,0.5753,322,32,217.51708,41.09919,,
143039.86+511530.9,sdss,0.1337,0.4503,206,10,217.66608,51.25858,,
143213.34+631703.8,sdss,0.123,0.6643,199,10,218.05558,63.28439,,
143609.50+493927.3,sdss,0.1225,0.3145,212,12,219.03958,49.65758,,
143627.54-000029.2,sdss,0.2852,0.8049,224,17,219.11475,-0.00811,,
144319.62+030408.2,sdss,0.1338,0.4187,209,11,220.83175,3.06894,,
144858.24-011614.6,sdss,0.1474,0.7807,187,10,222.24267,-1.27072,,
145128.19-023936.4,sdss,0.1254,0.5203,223,14,222.86746,-2.66011,data/observations/sdss/145128.19-023936.4.npz,
145218.94-005820.2,sdss,0.177,0.5131,193,11,223.07892,-0.97228,,
151505.14+612848.3,sdss,0.2421,0.38,212,25,228.77142,61.48008,,
152009.08-003457.3,sdss,0.114,0.3954,196,16,230.03783,-0.58258,,
152444.37-005209.1,sdss,0.1524,0.7323,150,22,231.18487,-0.86919,,
152506.70+332747.4,sdss,0.3583,0.7173,264,26,231.27792,33.46317,,
152524.63+011401.7,sdss,0.1294,0.6269,158,10,231.35262,1.23381,,
153150.07-010545.7,sdss,0.1596,0.7439,279,14,232.95862,-1.09603,data/observations/sdss/153150.07-010545.7.npz,
153530.38-003852.3,sdss,0.1613,0.6585,254,15,233.87658,-0.64786,,
153711.26+412554.6,sdss,0.1423,0.6811,204,14,234.29692,41.43183,,
153812.92+581709.8,sdss,0.1428,0.5312,189,12,234.55383,58.28606,,
154100.77+413058.7,sdss,0.1423,0.5033,215,11,235.25321,41.51631,,
154731.22+572000.0,sdss,0.1883,0.3958,254,13,236.88008,57.33333,,
155003.12+525846.7,sdss,0.0491,0.7396,202,10,237.513,52.97964,,
160453.49+335546.2,sdss,0.0786,0.35,228,11,241.22287,33.9295,,
161437.74+452253.3,sdss,0.1779,0.8113,182,13,243.65725,45.38147,,
162132.99+393144.6,sdss,0.2449,0.6021,236,20,245.38746,39.52906,,
162746.45-005357.6,sdss,0.2076,0.5241,290,15,246.94354,-0.89933,data/observations/sdss/162746.45-005357.6.npz,
163028.16+452036.3,sdss,0.2479,0.7933,276,16,247.61733,45.34342,,
163339.26-001256.2,sdss,0.0702,0.206,215,11,248.41358,-0.21561,,
163602.62+470729.6,sdss,0.2282,0.6745,231,15,249.01092,47.12489,data/observations/sdss/163602.62+470729.6.npz,
170013.98+622109.7,sdss,0.1228,0.3584,192,10,255.05825,62.35269,,
170216.76+332044.8,sdss,0.1785,0.4357,256,14,255.56983,33.34578,,
170603.69+330400.9,sdss,0.1682,0.7736,225,12,256.51537,33.06692,,
171723.13+573948.2,sdss,0.1144,0.5748,227,11,259.34637,57.66339,,
211949.65-074201.7,sdss,0.1704,0.5262,207,17,319.95687,-7.70047,,
212151.12+120312.9,sdss,0.1434,0.4862,194,12,320.463,12.05358,,
214154.68-000112.3,sdss,0.138,0.7127,181,14,325.47783,-0.02008,,
220218.32-084648.0,sdss,0.1613,0.5011,231,12,330.57633,-8.78,,
220956.93-075447.9,sdss,0.1112,0.2148,229,16,332.48721,-7.91331,,
222537.34+125957.6,sdss,0.3103,0.6571,248,24,336.40558,12.99933,,
223840.20-075456.0,sdss,0.1371,0.7126,198,11,339.6675,-7.91556,,
224155.71+122814.0,sdss,0.0998,0.7173,176,13,340.48212,12.47056,,
230053.15+002238.0,sdss,0.2285,0.4635,279,17,345.22146,0.37722,,
230220.18-084049.5,sdss,0.0901,0.2224,237,12,345.58408,-8.68042,,
230321.72+142217.9,sdss,0.1553,0.517,255,16,345.8405,14.37164,,
232120.93-093910.3,sdss,0.0819,0.5324,249,12,350.33721,-9.65286,,
234111.57+000018.7,sdss,0.186,0.807,207,13,355.29821,0.00519,data/observations/sdss/234111.57+000018.7.npz,
